<?xml version="1.0" encoding="UTF-8"?>
<!DOCTYPE hibernate-configuration PUBLIC
		"-//Hibernate/Hibernate Configuration DTD 3.0//EN"
		"http://www.hibernate.org/dtd/hibernate-configuration-3.0.dtd">
<hibernate-configuration>
    <session-factory>
        <property name="hibernate.connection.driver_class">org.postgresql.Driver</property>
        <property name="hibernate.connection.password">admin</property>
        <property name="hibernate.connection.url">jdbc:postgresql://localhost:5432/jokes</property>
        <property name="hibernate.connection.username">postgres</property>
        <property name="hibernate.default_schema">public</property>
        <property name="hibernate.dialect">org.hibernate.dialect.PostgreSQLDialect</property>
    	<mapping class="com.dam.practica4.entidades.Categories"/>
    	<mapping class="com.dam.practica4.entidades.Flags"/>
    	<mapping class="com.dam.practica4.entidades.Jokes"/>
    	<mapping class="com.dam.practica4.entidades.Language"/>
    	<mapping class="com.dam.practica4.entidades.Types"/>
    </session-factory>
</hibernate-configuration>
